id,pg_num
2635f2a4-458b-4ba5-b3a5-df97674b4351,0
fe68b7b9-9648-4f94-9d71-d74aa0b3094a,1
1ac4ec65-8c13-4ef5-ba67-be0f62ce996c,2
679e5920-681a-4ecc-9539-18a58edb9e3a,3
0b27c0ad-b149-4e15-99f2-76d9c959b910,4
549171e8-f81c-4b83-9026-dd423467278d,5
e9ddb945-b080-49e1-8b14-cca709b9b601,6
c068d9dc-34ec-4e29-a340-8d66352665de,7
e45630d8-143a-4ec1-95f9-3fb2e119abfc,8
f452da8b-c46a-46ec-b4dd-60fcf837e12e,9
505b99dc-9e2c-4113-bf72-ce352e5ed31d,10
f84df474-cd38-4ada-9060-80d9a190b6ec,11
15fc7a91-ab32-4297-bd74-977d233f5d6c,12
886fefe3-8112-446d-a814-2c6488e0ff88,13
f71fc635-2890-4f4a-b58a-8b93f8bf5ef7,14
5366f5cd-8374-42b2-b210-40367931a744,15
8ad955c1-86bc-40e1-b18f-b836a97b988c,16
50b0c386-40ff-4cac-b90c-7fe17046d4b6,17
6006b49f-43d6-468b-91b8-0b5ce8a3a215,18
9aea561f-3832-47c9-8155-ff3330027d54,19
1854bc35-35c3-4552-bbb3-cbbc95be7624,20
81e31c23-4d52-4bd1-8eb5-388bafcb2655,21
6ff71d3d-5adb-4484-92bc-a4d3315bf9cd,22
4d56fca1-214d-4b24-bd0a-8f3f4f8a48fd,23
08641432-7af5-46c8-a624-d36d4b549584,24
ae7ef8ba-def1-407b-b91a-1049bffdfd1a,25
34c458f4-3d8a-4375-9288-2d9e600dd308,26
abb9c9f9-a7f5-40c0-a1f3-4547cb276fde,27
ef08597e-9af1-42aa-b9fc-1e26c156b2bc,28
1b22ed5c-78fb-4ce8-b736-9b64d9eda25c,29
d7ac18a0-9d05-4d64-a89e-c99f10ae7564,30
d16f696c-07f9-4d05-9166-267bd1684e8b,31
9c6e7890-3e30-423a-b4de-c88bbf6d2900,32
2dc3dbe4-2816-41b3-944a-c03a02f4c9b5,33
688e4684-c49c-49ca-9b18-827f5b416acb,34
5f1b2440-8a5f-4222-8c08-7040a2bb329b,35
25b8dbb2-6f54-4c4f-aeca-51014a726064,36
e2b40bce-4d38-4d04-81a2-bbb0867bafeb,37
ec68361f-8126-4221-8940-eaec95b948db,38
7202bfc2-6a4e-4126-bfb1-7c383724d415,39
e25147df-ddbd-4981-9d86-a75e3c742fb6,40
2afad241-cc66-4d45-9da4-53575b7cd19c,41
5a051696-ae03-4cac-b38a-d7ccc5386639,42
50307d1d-22db-48e8-911f-9345db692b21,43
1ac4d481-8c0a-40b7-b541-5ab35e2ee45a,44
8cb4370b-6a8a-4318-96c1-4c289e2c11ae,45
cdd0551a-80d1-4770-90f8-e46d641a6be7,46
215c24e7-ce60-46fa-a1d5-9e2948e75be5,47
7185bad9-d373-47e3-bdf8-d5f499be8d40,48
a99b8698-2b1f-4058-a811-00dbba015bd4,49
678319c0-ffe3-41eb-b149-1e84535ac00b,50
f8f2eb08-28ff-468f-9773-acb9b38ef436,51
a0dc6ca9-5ecc-4534-ace2-8db6e9a9268f,52
4a632c02-b10b-4764-9a74-2d7e48d9aaee,53
6be730d0-f484-43b0-970f-fb68c8615136,54
33b58e91-56f4-4203-b4fd-3f8497ef4f10,55
cd9dd564-cc49-432a-b12e-2e5b4b53c9f0,56
0ac14a64-415f-461b-8f07-5bec622954e1,57
5ee952d0-0401-43eb-9ea8-94e1b1f6465f,58
bdfd1da3-9053-4fd0-9c8a-771ced339306,59
bd345c01-48ce-4590-82dc-86150dd2a71f,60
7438a374-6140-4322-92d0-8c582b6be7e4,61
fb00205e-a3f2-4792-bf94-28b9783a3cda,62
52a07cc4-59a0-4c61-8e3f-7d51d76932bd,63
e6207ffa-8e82-48b8-93a9-939b23812378,64
4ddce2b2-2259-4d7d-9712-6b783393ad39,65
2a864e11-cba1-4d64-ac1d-e22c98fb55a0,66
bd340dff-070c-4cab-ad82-a17a98ac556e,67
36a223a0-4acd-4666-b792-880834dff7c9,68
ba5c4746-cfe1-4829-a3b0-e0321af14b36,69
2033f0b5-beed-4184-80b4-843597a1af4c,70
ed6b3a3e-c557-4281-809b-b2c0fe9bbaba,71
871ca2bd-4076-4be9-bdf6-bc4b3bf5c06a,72
1c5a0742-6b2f-40d5-96e4-1b69b0f3fc88,73
dcfd678e-36f0-47af-8e75-5d0eff58196e,74
37133a4b-a65a-4325-87e9-f8dbf402ca92,75
43c1d080-0e31-4c80-a4f5-73b1d78a5be2,76
c3cf3886-b883-45f5-88b7-343eac151a22,77
e9466be9-5b2e-4fdf-bcbf-a7b43e2f2864,78
64b0c6b4-9b89-45cc-b2a9-0c475ef97abc,79
86d210a4-3e25-45b1-bb2d-77eb6bea1011,80
a52a363d-2bc7-49bd-83c7-99fc5717d607,81
b0e1ab85-2b13-432c-8f6e-d129fbe83532,82
89fc2298-9f43-44e6-badb-4e63afbadfa4,83
fb3e297e-541a-446a-91cd-12242e3cbb31,84
7ab90237-5838-4716-8838-4ad25c013c21,85
80e81c0e-7bf5-4593-abef-b6fd9a86495d,86
528406cf-3da7-4d94-8198-d4b9b90736bc,87
397cd856-5468-4137-81e0-40019ec1a0e5,88
c36bb664-b0f7-421e-99d4-8ff7e0fd4aec,89
4126db6a-3a0a-4a3a-8043-9d1ebb2f3823,90
cdc3d163-1a0f-4466-917c-465a085cbf2c,91
28ad31da-96fe-4ca1-8857-c3fae1ff4379,92
5ad827d6-4f71-47d7-b838-fcaf6e073b76,93
56a3c68b-f551-4b83-9092-e47cfc3252d0,94
f3b70a2b-a9ec-4ff2-a9c9-9d0bc250c05e,95
d956653f-3eb3-4ccf-9ee3-4e5de9e8ecb0,96
72c4ce1f-3630-4b7e-a6a8-6f075f2362d3,97
f47863c2-7aaa-4785-bc87-08a09e46b574,98
e4112e94-eaf9-4851-a3ec-39cae313b7bc,99
e40ced26-ed19-4dd3-b71c-69be2104191e,100
2fd7beb5-4c80-4a0e-9752-12cd690f8296,101
f42384ef-30ed-42a8-ab62-3fc246bb3420,102
636926e7-6ca9-4028-9d18-116cce58ce9d,103
a6e10227-e7a9-4cf6-bd32-84e6318c1a97,104
421d720b-19f2-4aee-b168-7da67616d100,105
804677ac-2f6b-464a-b91a-e22677792bb2,106
9f23b82b-0487-4ece-abee-8e08c93df8be,107
67ddd00e-d238-45d7-a34a-2fab7301d366,108
9c93895d-63f4-46de-b564-a6c38638eab8,109
a026f647-b597-4761-a9f9-59d58a1fd564,110
8b2d3055-b9f9-43d7-8908-6a2b1e9cd78d,111
8d2eaf17-1fb9-40ed-b69d-cf333f53fe33,112
35c36290-1386-4d9b-b309-28e44cdb009d,113
2f7010a8-ff7f-4a52-bafd-d215bed14a50,114
48519db8-12e5-4aa7-915e-4ecb29fef5ea,115
01ef7d47-1937-4281-9744-6cefd03f1968,116
9f4a5910-039b-451a-8ceb-6f65ce12d6fb,117
d14f8cf6-2ba7-44f3-82ba-f2175393b182,118
1706b682-cfda-400a-a350-b9ec3d67d778,119
74c78141-8134-4f86-8592-b0faaf885e2b,120
579f6cc3-166f-47d2-b357-961549b4d8d7,121
f2bb8703-3284-4d0b-80f0-68392ce2a678,122
014a8b2e-592e-4d60-a704-44267b0a76b0,123
d241263f-ac7c-43f1-97b6-0e440942d645,124
9218f5eb-72f0-490e-a676-9b68341c9b74,125
0b28daab-7254-4158-8ec2-70d03df1de53,126
f4ff5af3-29e9-4967-b597-337592d67aae,127
c9ee393e-956a-4933-88eb-f0ef92311115,128
0c8cef39-f9ac-48ca-bb30-1d7a16f65dda,129
392f90fe-f908-4efb-95a5-473b38897ebc,130
5cb1ec51-6833-4069-8c33-99f5e6d0b08d,131
c7790d69-e95c-4d3d-a722-96ea50e93593,132
6d36a71f-d3d4-447c-a720-badb89241f29,133
e1861e65-54c2-48c3-ac11-774544f9e2d2,134
a35fee5c-ce90-4440-88ce-f96f15daa4d9,135
4103a914-a620-4ae9-963a-2758dd91c096,136
fa1bae3a-9866-4de1-8f68-d6d8adba1550,137
d134b714-4109-4125-b0b6-101449d976ba,138
7f0863f9-c89f-4229-ba2a-65d5d29c7623,139
60dc43b0-5f7f-4a85-b4d1-57c7593f5bc1,140
60e45b93-4006-443f-b3f2-1e5eb6bdc493,141
c10ee253-df34-4975-b413-631f89f8ecb1,142
2d98a854-518c-455b-a917-6b0c93ef51b9,143
e0daf626-0ae4-4e47-974d-3b6c3d693ea9,144
3ee410de-2347-4780-8dea-7be5766d0a21,145
5ea7c105-78fa-4558-a004-af728732f5c6,146
21275009-a765-48a2-bc39-f06112e3bba8,147
e458c894-a952-4d51-a6ca-013086b820ff,148
9059fc00-f788-40e0-a215-b8b1606ec81a,149
30005277-319d-4c58-8547-9ca36fd2c6d9,150
60ec319f-7096-4dd7-bd73-ce650bbebc11,151
2ef61b71-758b-40d5-acf7-b21919f080e2,152
c4f5df39-c802-4e2d-9d7b-6a892604e73d,153
0430952a-be4b-43fb-a8b5-bde8da0f5e75,154
baf87633-e639-4f59-bebc-5e6f87ff0775,155
e9b802c8-691c-4102-be12-58adb9542d5f,156
ca2a8e84-41a4-4fcb-bcc0-602af7665c53,157
c1b2a81e-c1b3-4e15-bfaf-c00444e7f370,158
2059a37d-16ea-4aa1-a6e2-56169d5047c5,159
c05bd79e-9f44-44d4-800a-12e6a7273b68,160
26b97444-af6d-4bf9-b7c5-90e03f0c1207,161
f4dea905-8348-4764-830e-38fc8941ee62,162
92008f20-732f-4db7-a424-de7044b6cd47,163
e1c34830-0ad7-4bbe-98ed-47421e57ff2d,164
1c02050c-c36a-4038-b206-20f864b7380e,165
f4b27fe9-576a-4a68-ba5a-2269d0bb4d43,166
b86db3fa-8a33-48a0-8c4c-f189c0c481c0,167
a7b9fbb2-06c3-436c-b009-1addd7511727,168
d79658b1-2fe7-4ac4-9a84-fc6576b228de,169
7f932cf9-538b-408b-b2ea-0fd78e4824ce,170
615f4a98-da56-436d-bf7a-837ea2bf20f2,171
a395cb4c-d37a-4606-bbc5-d90acf7c442b,172
f1ae4343-38a1-4875-bd85-9793c94e9bf0,173
00f5f5c5-ffbb-48f5-8b6d-fdfcfa98fca4,174
d7761b07-1453-4ff2-8a14-c7d2306510d4,175
6c249710-75cd-4c7b-9c74-ca7251e06603,176
691d1350-f0a0-4e47-ac84-448c6c900a7a,177
64c81174-f0a7-4fb5-8fe3-c3f626abd465,178
92837cea-93e9-43fd-ad63-5e684762e07a,179
56b2b457-fcad-4e7c-87df-628a6ccf4dfe,180
fa3e314d-1820-43dc-826b-5fe47c886983,181
a7af46ea-1eae-4647-ba3d-27d5f6d382a8,182
d4cbbe00-b9a2-454d-9068-5a9b8f7ef8b3,183
0bd2a955-87d0-430c-9694-71c85e0ebdee,184
ea5bc9c2-4b6f-4339-8f00-77de020e9e29,185
359bb3f4-6a94-4cfd-8429-d69e2edc77c0,186
7ed0c04d-7ed5-4a0a-9f12-cefc9fbc553e,187
e91a827a-1410-4503-bd59-371d8a1cc2f2,188
79f156ab-ff26-425f-9d06-b675a53a13f8,189
c573273a-c120-41e4-993c-e9425ce371d5,190
773d68be-3a07-40be-9b9a-92120b7d2ee0,191
30f821e2-6bf9-416d-b69a-ed0c0642ba3f,192
6b7fab56-b5f6-4193-9888-595fbaef0e5d,193
96359d30-06d4-41b7-b904-484c56b4b22d,194
4f183cdd-5575-40cc-b92a-2d50cc53519a,195
21212bc0-4989-4e0e-b0e9-2a2830feadd8,196
ffd29e61-13bc-4801-9aa8-0c4e84b5d6f5,197
6478564b-d1f7-4716-a598-ea5a215e01d2,198
43992d4c-0e2b-43b2-8877-8c4adecf4c5a,199
04140877-2c41-42ee-be02-8642e3d62bcf,200
ff17408e-be1f-4833-8f0e-a0750e6bdfbb,201
0e5d01ca-d839-43de-ada2-9b2dca49494b,202
2b2ebc61-ee4c-4cbb-ac78-0c2ffe56a50d,203
35418b2d-0bf7-430d-b103-ecaaf650491b,204
dcdc8699-d19b-4f75-bf5d-b46a00677c79,205
38e94c2b-d020-4cd2-8610-39cc8345799a,206
044f63c3-2792-48a8-9fa1-b854f1833aae,207
7d03ceab-cb0d-4b12-b711-bb15054b6b01,208
024b8083-44d3-466d-93be-4f3d3b1230c4,209
1b132065-f78a-49b0-9b87-988c1300d80c,210
24517ee6-515f-4de3-88b2-51e08249c1c7,211
76773f4e-f85d-4110-9940-86206d26d86c,212
9d224179-3dc4-4a61-a0f3-1cf619341785,213
0fec4e4f-b805-45c8-9d22-7d7ffc2fd99e,214
c1185b32-a7ef-4af7-b18a-bb16ac00abea,215
fed8e970-2a69-4576-8f38-5d958ca047f4,216
344365a2-f18f-497a-8e1c-f50a27cef4cc,217
7a12b5a3-e675-47aa-9150-4f4b7b2c2bd1,218
43c91133-e311-446a-a645-fd4938537940,219
2a1ec526-8c70-4954-8e4c-0f6cb3fd6300,220
d03c0df4-4831-4ca0-acc5-bd1e6900ddb5,221
851bb164-e8ed-4a37-af8c-234891c4436a,222
59bc9780-b250-4f56-b473-89292090e655,223
7eee416f-388a-4b48-81dd-aea9a8d554b4,224
bc1eadba-614d-432b-8e70-3a8270cff503,225
454938e8-e0ee-40ef-8617-ca7731066b62,226
4e75d69b-c22d-41aa-9dde-c3535d5cdeda,227
b7b9869d-0c5f-46bb-ac0a-dc3989806b0b,228
c108a838-567b-4b66-8754-c8dcc0b20479,229
8ad03fb1-dbaf-4104-aade-95bc8792e663,230
759a56fd-c8b2-43fc-a5c2-1deccbc0424d,231
1f8eabb0-4b57-4906-a5ba-c484d30a483c,232
14e1dacb-0912-4f09-8962-f77d1b747418,233
0305cc8c-b81a-4fd3-bfef-ab3a02b5f559,234
20a8ad9d-f89d-4901-a46c-fcac7084f94d,235
b6a3ae41-4d52-42d9-9e26-3af8ab2cdc7e,236
ddda080f-606b-452d-84c1-a0477e1e7c7b,237
1e8a2c68-65e0-4025-8168-5e1321499060,238
976a7b43-8e74-46d4-b2cb-084b653925b5,239
a9b5ea68-3402-464c-a6a7-91cb00b124b0,240
53326953-d30d-482c-b62d-478e8bd215eb,241
cc4800e5-126e-4a49-a699-5509fec47e33,242
d9f7b993-e14a-4113-ab12-997d9cddb6cf,243
7eda8c9a-520e-4e7b-8cb7-d7f5d90191ae,244
f3bc53c7-7526-4040-9752-2a3dabb65675,245
a4f3dcf3-7e35-416c-8496-9d2e0d6ce2d0,246
b6b46e85-1170-45a8-b944-d16f1cfae5a6,247
aed93f7f-5690-4674-af6a-16a77e6ddb50,248
e2402aee-89bd-4f29-accd-029ff7aeed2e,249
b9297890-a9da-47f6-9b34-7857ce4891a3,250
d64683da-ec8a-434e-bb62-cf3e00a768a4,251
f4c1b122-e486-4782-b5dd-f08318cb5d67,252
b86e4ccf-63ef-4dce-b5a7-92df6e15b90b,253
469ffab3-3aac-46cc-bdeb-e19fbef9d3b5,254
ec3f1814-9959-4e52-91af-4cd59b830b10,255
18e7481b-65b5-47aa-b972-6ca9c20bbb32,256
98cef02e-e1b0-49c9-94e7-6c22c631d73f,257
27414178-1e3e-4b7e-895c-226bd0918380,258
8b35ce21-2ce4-4cf7-a84e-bb9a6b231a78,259
f11e170c-8253-43b1-b029-157a6c6ac02f,260
d0b7d1ed-a9f2-4d3c-8dce-e1dc894e8a02,261
8a4a6711-257e-4330-b5e9-5ed5fa2f04cc,262
25e9e04a-35b0-4712-8f4f-13b3af094a6c,263
4ec49a61-112d-40a3-b553-0f4df911a320,264
c1aee810-3609-4c79-8107-23c8ab54125a,265
05c1179e-d258-490c-99f5-84d7e0d035d0,266
a96220ce-851d-4048-87c6-3cde798e35b8,267
b127cba7-2ce1-4795-a633-7e038b529f3f,268
5b6e02d1-04bf-4d0e-a899-7a0d616f8f2b,269
12ce176f-c2fa-47a3-92a6-d74cb6c775b3,270
e2ba6a2e-fb01-452d-ae9c-3c9f146d5d4c,271
f32d4a51-517b-41fa-a65e-567795c3f9d0,272
bf00ef3a-884a-4705-9ebe-8fc584b4e122,273
18da546e-3a60-463c-b424-5297d49f0ce8,274
5e7b383f-308d-4c87-96fc-e14b0d411a42,275
0214482a-e9a3-480c-a185-28628ed2a94a,276
6dafdcdc-e73c-42e2-ba15-5e0a60771510,277
ff4ab548-ea8b-4689-b1df-584253585103,278
1da96a52-adc9-4811-8a6c-e0913dd79ca2,279
1bdf626f-e5a4-4603-b82d-6542a3e507c7,280
fce5add7-341f-4d79-a362-33d6f5e125c0,281
129a1579-a74a-449f-9755-c1c5f8f0eb0a,282
dbc1db22-ace8-4344-8d84-e2c991bf52a5,283
519b1d68-d380-4a2f-a858-afb637ddcfe9,284
a794f991-44ed-4383-98dd-81ef6ed55906,285
8b8daaf4-5213-4d4a-ad87-c6cb8c1d35de,286
788b03a4-47e8-4a06-b6f2-0f07e23ffee3,287
c8f8492f-65e4-4070-8fbe-2fe06385d4b8,288
cfda3dcf-005a-4a62-aae6-62dcd833ccdf,289
2f126b53-e046-4ac2-be56-550b09cc4163,290
f07d9a2c-8c13-4a81-ac42-ec90e46ad75f,291
f1cd8070-2ba9-420a-a2b1-d69c58ce0704,292
da6d807b-768f-4b78-8c33-f5d56c605473,293
39f1c97e-bc05-4094-a136-fe44471c95e8,294
7aeefe4c-ec0e-4d19-92ca-083284bbdcc4,295
545f005c-f8f2-4720-a160-821199a993b9,296
0fad0893-fecb-4720-9fb0-23709f8bb9eb,297
e161b1a3-e970-419f-8884-3674440745c6,298
795636b8-cd7b-4154-aa81-174ba782d8a6,299
12fbb666-df2f-4e1c-8f8c-a93a41626366,300
724462ed-8dc3-488a-828c-4b8ba7d32035,301
d9db170f-393d-4f8e-9ac5-8b291c0a4823,302
ca13a7ee-8303-45dd-b5f0-796071be2fa5,303
dd04f1a9-0d01-46a3-a17e-156d86a52839,304
5e8d23ac-b554-42ac-884e-e4837442394e,305
b605afbf-9dfb-4fbd-a425-e4d90e711ffa,306
34e5c8a9-b785-4bd2-b5b8-217bab1c3e2e,307
c6ea0e6d-c0ca-4609-b9dd-21592b6730ac,308
b3bbbdfa-56c1-46d6-868f-c425c65cc2c4,309
eb21284a-9037-4b80-9f2c-f0801e2480f2,310
cffa4525-8946-4619-bf99-21f5d2ff88be,311
d35cf509-9441-45e2-923b-0bc447b5ca7c,312
a800478c-6910-4c45-ad36-f1e9120d87c8,313
25b108fd-b05d-448b-afbe-38222c780682,314
0ca0f39c-2604-48b0-b4cb-f6607ff3b927,315
2cfa50ff-ebac-4b67-aba9-441f87dde0f1,316
904b201f-7693-467a-9542-dfd5e7fed555,317
cbbf57c4-0b71-48cc-93be-30b313c08096,318
1563aeb2-d6cc-4a9b-9e29-6afb2e97bed7,319
a33d3f93-dcbb-469c-a7b3-7817e3c93b0b,320
dce581d6-bec1-4e24-8d3b-88bceeb3c34c,321
c970cb35-ff40-459a-81c3-c54264bf42a5,322
a9b54a75-906b-4b3e-97ca-647f3ee7dd10,323
e98c6860-d6bf-4b97-8a40-9caf7f7d4cfd,324
390ec9dd-225a-4916-b72f-9b188b0c52c9,325
abe583e8-acf4-4b46-860d-193dd37235f3,326
1591148c-6d1a-40a0-bfab-54b9a016e900,327
072f71a4-c3ce-4bfa-ab0d-c9749ed58b0d,328
5a2d4ec5-d46a-4d66-af81-de1292dd37cc,329
58dda138-efc5-4def-9f79-db9259870af2,330
9d069f4e-ee4a-4641-b6d4-7ed48f2fcfa7,331
8c68b0de-3db1-468b-94a3-3c4dd1613639,332
c97460ab-a0b8-43ac-8ce0-26a99de8749d,333
df1e7967-0981-4129-97d1-8fe535523467,334
f8934977-4f9a-4c99-a87e-a9adc8cd5d4b,335
219846bb-90fa-45f2-b896-22c53cda2396,336
1cb5438e-5cfe-42ec-9d21-34467f92fcda,337
1c4497b2-1e5c-4b7a-b396-d375e42b2e41,338
f622e416-055a-4215-928b-c7adc1f92c99,339
bf524e1c-7312-4778-ad0e-2fb72d312201,340
6429fbd3-688e-4f7b-a69f-14b82683e194,341
a92145bc-657e-444b-989a-120016ec3a51,342
a3e9a9ad-3105-440b-b55b-1ae57b616eda,343
6d0def74-d220-405f-b00e-9b56cbafa377,344
b29b3ea8-d91b-45aa-a262-05e6a7766037,345
f0800eff-6b63-4121-83f0-ea7d8862ac74,346
ffbe746a-de19-4b89-ad32-27f25e6f0b46,347
47de2251-035f-4a05-beef-4e35f1c56d65,348
08298137-97ce-4432-9600-ea6af2b38e0f,349
552b4c08-1b75-4089-ba59-c06d45985b15,350
0a46eda7-65ba-4a90-8233-e9634f20cd22,351
463624ee-c04b-4a5d-a5fa-2cf8603246b6,352
12cf03ad-8f33-46a1-bec7-ba4201d6f8ab,353
99ac47a3-0b1e-4951-97ce-8a8bc3b726e2,354
d9722f61-bb16-4789-aa8d-4769f7044fa1,355
60dcf425-4b20-4f97-acda-d6184d1febaf,356
3269e99b-a253-468f-aa1a-f18740f95725,357
654ca370-30dd-4e35-9cd8-34583e749eb2,358
42d01af4-508b-432f-9244-e4fe80f5104c,359
fcdede75-640d-47d6-ab04-874e89b816f1,360
10374372-010b-4000-91d4-04f836271c06,361
dde60cf2-64b2-4455-b537-cf64b89bc2af,362
75de44cf-7cf9-47a5-9cd6-83cfd8cbe70e,363
ff34664a-5116-4a65-8603-40e2ec2bb747,364
b62c7393-bd95-4539-ac6e-0808ae726c92,365
16efbf30-7f68-4210-8e33-59976913e75d,366
bad9ca8a-f7a5-4d7b-bdaa-9cdfb18f393a,367
352cdd8b-933d-4755-bbfd-1131150ae0ea,368
3bb4a95a-812b-4464-9187-b25f19bd5510,369
36e5a418-4932-4e1b-9bd8-ea8acdbd7fbf,370
c0e8de94-7ef3-40c0-800a-33ab702834ca,371
f0537fc8-5535-4508-bdaf-940b0cebd05a,372
1ef44a1c-b030-47bb-a67a-01a38411bb6c,373
cc15388c-f65a-49bd-8874-cb260bde2ed4,374
fe2840eb-80e0-4515-ad5b-b83c573448b2,375
7f827ce4-9cdb-44da-8adb-242a161bd983,376
b4481ee3-53ec-4fb6-81ea-61a0989aed2b,377
3579ea3b-c0c6-49c8-b445-c0ae0e047a48,378
c0a00fb9-6cb7-4c49-9209-5187603a66b8,379
17ae848d-a102-45d8-8f1e-82ec5eaee95a,380
38b136d5-d8f8-4860-a8c7-72f631189ec2,381
045d5662-6636-442e-b68c-17fe77dee3cd,382
c16b074e-58d7-47ab-add3-6d9f6027a45f,383
0e506852-82c1-47ae-8e6a-0ba639788127,384
9fc314c9-bbed-48e9-8f83-b88b514b6ad6,385
e09df613-e077-4c81-9984-b506c03ec235,386
db269d5b-24a8-4eeb-abd9-895962681192,387
8e4fac67-1066-4dfb-95ee-f0d63f6bdfea,388
621ab177-dfc9-47ba-9206-fdd106822cf1,389
4331c285-7b69-4d86-8b0f-b4255630eacc,390
381e2099-4338-4d0b-92c9-4577a1296ec8,391
36daa5cb-de3c-4d57-8c74-ec066abcf30b,392
dcb96693-cf03-42d5-89fa-bad8517b6aed,393
88f64042-283f-4712-91ad-3ae305b6a2c8,394
f933e0bb-7711-4098-aaa9-e5cd5a1b307d,395
961ec92d-da01-4b86-8e4a-52636e7380ef,396
ca034aa6-a5d4-423a-b318-88329bed4faa,397
e6001532-3922-4431-a8dc-028579b6554f,398
b821853c-8252-4e27-901f-787dea087380,399
41e3699a-c18e-477f-93e0-4b4d94bfe95f,400
ccf1e3b3-83cc-41a0-8ded-74de2219be97,401
e0c04b1b-a555-4ef9-9672-d0339c94ceb0,402
8172a54c-44b4-4167-909e-f8fdb08f9465,403
496e18d9-0f0f-4111-8cfa-bac904702ea9,404
0fe6a234-ae9e-4f59-b4b1-433effbf6225,405
c1795bda-aeea-43ad-ad2f-e5245ffb8ee3,406
e5b301ab-0738-45df-88a0-995e8ee15557,407
0a0d2114-6920-4b67-a7fb-aaf590794d4d,408
b1581b17-e367-4ccf-b500-469d8155256f,409
70594920-4358-4d90-a756-fe1861a20133,410
78643027-9902-4174-be1e-4e51f1cdf572,411
4ebcbd38-9925-4603-82a3-d2d1fa09b044,412
37c4d703-7c31-4c45-ae38-adc25e179115,413
151b26f4-e7e1-4df1-80e4-f247ddda73ac,414
2f14a09b-24b8-482e-bc7e-4f375722c07e,415
21cd3a54-c08c-4ec8-8bf4-2e306038f175,416
c2d1dbef-3f86-409b-9024-bb577bf0da78,417
843628ad-bb7b-4200-b881-83cdcc92ba74,418
503f4f86-f924-4230-8bc2-25087af18a3b,419
cd023763-05fc-43de-a8cd-cf9c735291be,420
b0de814b-eb43-41b1-97e9-53aa7b1f7010,421
48e25495-509f-41ba-9854-d830b242e122,422
01d540d2-0ee7-4ad5-a74b-93b477a8b109,423
8912b9e9-c605-4d38-a31f-3fee67335e3f,424
4fcd0276-c6e2-4d73-b47a-8d0e4df97aa4,425
f9c71534-b689-4a8a-afa6-eeb5870bb542,426
832c0d98-0fbd-4f54-b65a-2b184e06f9b0,427
e901e3c5-21f9-4d81-9e9a-ca11dc0fb1d1,428
91b75d2d-edea-4674-8124-3d0cb5410c23,429
20fc4b77-2501-4421-9f9b-7f34421c6a92,430
bce93ee2-16ac-4ccb-914f-9306763da963,431
efe3624e-ee5b-4356-b662-559800923ec7,432
0f98e452-f8c7-420c-8b35-6248a49cf65d,433
c5e60b6d-3221-448c-8bbe-9231538c24b8,434
19d693b5-f80d-44a8-a532-5cbee279dfa3,435
b9232c23-fe48-43e2-a02b-8ebe9169542f,436
d85ed863-3cd8-495b-8ce4-68b286cfe67f,437
2184cd7e-9dc7-489b-ad1b-802469dd1e65,438
ed84c4f3-6ef2-4155-b5da-e1c8a50c4a32,439
e744b40b-0137-4a2e-b5c0-390baa263d37,440
835e1e48-8402-4feb-a7a6-36eafcda61c1,441
b16acea7-841d-4623-8df9-1932ffea0c8d,442
47cb9178-e841-4b90-b392-628403f5f06e,443
d7fba3cf-f2d0-4875-bf75-0cfae594334a,444
388b1a71-388a-486a-8578-8a89143f32b1,445
7f57cd31-a216-48c3-910b-8b6cf089dcff,446
792cb559-47e4-4b4a-9b0b-0591e44c9e9f,447
4e3c3752-3662-45cb-86c4-d32d4fb06815,448
03d15277-be7b-4301-aa34-eedc7b166ae6,449
a711c838-2fab-41e1-bc6b-3d492b4baf60,450
70336352-f332-4f95-8eac-0fb2cad0a955,451
2d31d975-13dc-4c41-9860-09e3619cc955,452
63ccf2ca-44b2-4113-a08a-c1aac92fd8f3,453
6876a7e6-a97d-4b99-ad05-10ca4926f3e3,454
aa1a8cf1-0f84-4fb2-b370-5a7e40ef252a,455
13fdd9d3-f135-4541-84e0-52d27f410a34,456
2312cffc-fd98-4337-bc03-a415bd7ec144,457
4e543302-19d7-450f-804e-b0534b92e1f6,458
fa171adb-51ff-4f47-ab7f-d8ff2f08c420,459
b8cc9781-0962-4a80-81e2-b0581a846abb,460
4acf794e-3851-4072-b8e5-13b924a7eb6c,461
fa294032-9f84-4478-8b1a-3ac57d1c32ef,462
0e28b1e3-948e-4ada-9246-392bdba629f4,463
3c38e4e3-7e06-47d5-8878-05dedbbf3c29,464
c752e5fd-0b7d-4f1a-a067-a88e288de2e3,465
58f66db1-e50f-4886-811a-cc1f54786ffc,466
9d71c4dd-75b4-4da8-8b5b-af57daa69fba,467
5adfb0bf-a40f-45ab-856e-4962ea0c1936,468
b280684f-046e-474e-9ebb-70cfcdfbee33,469
04841341-23a0-438c-ad13-353dc6f557f2,470
43c4bcbc-ac74-45f1-b772-dd194e5d4e78,471
1bd710be-f3c5-4de0-ae02-400194299b12,472
ca3b85bf-9376-4189-86b0-dbc339e6ef88,473
2b25b6c5-6a02-4c18-b470-8c3a621b44e3,474
05ac7a38-0c78-45ec-addc-ca41524aa823,475
ac055f0a-9c44-4f88-8a1d-b530947df266,476
d2adbcf6-3c9e-46ca-8e69-236c1d0dcb23,477
9deb53fe-8dbc-489c-b033-f0d601f16d60,478
6be27e08-b551-4d09-96c2-45146768bfa4,479
55b38321-ee71-4e08-a3d0-56a85313259b,480
2f86ccf5-1d2e-4c78-b5e0-f20c0ed0240e,481
791c765f-3a3c-4a8b-a40a-5564edf3449c,482
79d98563-702a-4261-aa01-22a48a094efa,483
2818e8d9-cdc3-49a5-ac15-29cab4026eb5,484
1d58352f-676e-404c-9f66-407fc1ab43e3,485
0800fa92-df5d-41d7-8a03-e570ee4fa8e3,486
8704a2f6-2342-4215-b757-3d3882f0d30b,487
675d93a7-79ac-4854-a7ed-f2043e62acd6,488
971a1f06-a111-4e27-ba21-3f1854264e2d,489
ff71b3e3-2b81-4370-bc76-d9f91fb73d71,490
06903c77-4bd0-4287-a553-3eca8cd16b35,491
d7ef508e-1f01-436a-8249-01d31c47a9a0,492
0e4fa265-a1a1-4877-a6a1-ee14fe718d05,493
fdf292ea-250b-4881-89ca-b20178f6c8cd,494
ab5e0ff3-c54f-41ee-805e-db9f39f2f781,495
7db8ac5d-02c3-4440-a071-60afe13390dd,496
80616f31-cdb4-439e-b687-8f1d177a09b1,497
edcb8dd2-4f7e-443e-af2d-344f4d5ef7d7,498
eb3a397a-8160-42f0-9553-c833ece3fbd6,499
073dcbb6-7c4a-4bfc-8d44-b7fb9332272a,500
2ce1d814-9ded-4ec1-bbbc-c647d224b893,501
2d0249ad-d1f1-4664-8aa0-557a41614105,502
e75949d5-7d94-4a80-9fde-c89b8fd8c4f3,503
47d40538-0e00-4147-a45d-1844b78006cf,504
fc59d157-6429-435f-9d2e-6b8f71342b1d,505
8c5e0018-27c9-4c49-ae3e-300d016faee6,506
dd56bec2-c96f-41bd-a578-a5ee5645c26e,507
cdb176d0-0f99-4e94-afc0-9ef8056debc0,508
eb76c9d1-e0c7-4c43-a1f9-1e1bc1f20399,509
17105f2a-932c-4746-a783-18c04b63e1e8,510
215447ec-a79c-43d1-9292-3e64ea5f2107,511
2c7d581e-f27f-4763-959b-ea65b57416cd,512
22f04459-c189-4890-bd9d-5f286133f756,513
92ffab86-5828-4d6b-9130-e885330bc590,514
fe98c9d3-95be-4bf3-98cd-ccd7e977898f,515
7d077366-f537-4b88-80fc-da296a3aeaec,516
b53f1025-03ea-4ea0-826d-28897a0adfa5,517
57e4b649-fb4b-4a7b-9e2b-b14b8440e707,518
a365b522-910a-4bdd-bd80-ce4f472b6b64,519
4fb5726d-cf53-4f8c-b860-bb6107d123e8,520
c1f601eb-5488-42dd-9bd4-9032d4ebaa70,521
da39cc20-5d3c-40d1-bcbd-20907b9c197d,522
c63aeb21-3a03-4a26-a1e7-1ed647ee121d,523
50463a23-5d9e-47dc-92b6-4f6d6aa81147,524
0ca2bc17-c51f-43fc-9c3a-c6bfbd666259,525
3a8724e3-7424-416f-b448-4d7adffd4b85,526
1497b2b0-c244-412b-a63d-953867dd7a55,527
6a684661-b417-45af-81c0-3fcdaae81039,528
07686f31-c043-4b96-a960-49b34a420dcd,529
85e4e9c4-23db-43be-8479-fd4ddd5b7c5a,530
de682d8b-1599-409b-8552-f4c9a2323b93,531
85b386c0-eb3e-4f48-9253-514c6195e219,532
4f7ea617-66f9-45e7-bdd1-b3d5b0e3727c,533
b5418c61-eee3-4a32-9812-a10004cdd3f6,534
91ef3d45-b68e-4f20-8c3a-f8e59fad3d5b,535
557f1909-0bd3-4d4e-9420-082a70ed5de7,536
fef94582-89ac-4a8c-89e5-21c5582d7429,537
7673f503-b148-4741-b421-989e2e8a04db,538
43846886-2f6b-4233-ad4a-b705038ae831,539
5c337a3d-e021-4d65-b9f6-dc504363eed3,540
502b7e83-aaf4-4da6-b4a0-ebea633fb476,541
95505acb-014c-4f8f-a032-f962ce7b803e,542
e20972d0-4ce7-438c-acb0-1ea848e7256d,543
3ea33227-8c57-4cff-82d8-440e67d92212,544
fc6533dc-fd53-40d5-9a2d-0ccdcf331428,545
22e9cc09-a814-44a8-bc66-4a128ab2d374,546
412e889a-3473-4d10-b5da-fd2ee09d65e3,547
01d275e3-7374-4497-b35d-4554150eb1d9,548
ad33aa6f-2edf-4782-9989-0ee328d75c3a,549
40ab9cd5-25be-482f-8ddc-1e06c1e605c0,550
1d347833-0cef-4b24-aed5-1f0554c3a5a0,551
cdcb4f72-15ac-4af5-a90e-0c73145f36aa,552
b42cf879-c261-4d0c-8f02-b7c388b241e6,553
249b2b8a-0e96-4170-8491-047be01657e6,554
657b4803-d910-4e6e-b7e4-122bed82a011,555
2a5af926-1956-4502-a71a-15018d7b67ff,556
45f61694-5ada-4505-b77d-902e6adb4896,557
b185a615-010b-409d-b9bd-6ac8cf57f909,558
8e93e7dc-a3a4-4c23-ae76-2d9f594fe1b3,559
c75dea98-ee40-4866-b113-6d66e2adda06,560
f541f9fb-6d1c-4ce3-bef7-6118b3b76be0,561
250a5f8a-8be7-458b-979b-a7e29ff31b7d,562
6df3f2cb-f1f5-4eb4-b1dc-c99913bf1b3d,563
ac6bb98c-9361-4e9d-8a18-8b228450ff18,564
9072c569-56b6-49d5-a997-85d1fafc47f8,565
549fe15f-5af1-4c87-99dc-9e7ca5b7bf65,566
b7080589-0e54-4b36-aaa3-e5e7bd78cfae,567
add26bf5-ee54-4769-bd23-d572cc8ab7ea,568
bf5938ce-c8a4-4f1c-86c4-5bf5c8a4796d,569
41cd18a4-0881-4e56-912f-a99a6935d1aa,570
d47bdde8-eb0a-4594-b28d-a027cea47879,571
ca786d64-8901-404a-a2cd-df170507b6d1,572
454a4db2-8034-4358-9dc8-a41b3438c614,573
540613a3-eddc-40fd-9fca-041b22446a41,574
9ac02912-85cc-4757-b182-48c854efc978,575
c40bd6a2-a5bd-4a8d-a8be-dc05c0ae6a90,576
44dd0701-bcdc-4a42-9f3b-f03c2803e1ca,577
027ab992-183e-4643-97a5-2104956291a7,578
868d9477-4d0a-4d2b-8178-05860fad613e,579
20df89e6-3965-42a2-93e4-0511a39a6dfa,580
9fd717f1-b02b-4f4a-a18b-6bbd5742fa8b,581
ecefb055-411c-4fcb-a4d6-888c24c72da4,582
c31b056a-e151-4407-a6b0-3721e82a92b5,583
9c411e04-991b-406b-a5bd-20bcd160ce53,584
3877e761-9fc2-4ccf-a597-0b114ca7c3b1,585
94dbb6d0-dfce-4a5e-8fb8-4fb45466b6d9,586
8f4745c4-85a2-4256-a536-eb3492a76798,587
e308de1c-b8bd-4170-ac76-fa3061cc3e86,588
c38fcfcb-7485-4800-98d5-b584f11a2daf,589
20681a29-72fa-4191-9571-536124e7a23f,590
2c5c0279-cb65-484b-9cb7-95c057d888f0,591
aac28108-99d3-4622-8a8b-4373aa647b3c,592
76c67049-3ee3-4f5e-86e8-890ead4da94f,593
0dde5cf6-04b9-4b5d-9d56-66194636cb27,594
8b4f3b66-6fa9-4401-ad06-526905d4732d,595
68708740-ad4e-42af-b31c-b3e5f5d8f282,596
c8a737fa-0caf-4177-a7ab-8b0857ad408b,597
a092743a-4884-4586-8a0f-a5de46b9b929,598
5c8c49c6-5118-4e8d-b0ef-0325d20e6c6c,599
fe1d7d43-264c-4f0a-90d9-1c2a84b8622d,600
efc92710-3267-4d34-9b33-e9aecf7811eb,601
a322de20-7495-4b1b-be66-3342ae91f80d,602
84d42f3d-6be5-42ca-b4e0-ce5bcdbdc55f,603
761fdeee-8eb0-4898-95c9-7b60d76e6f80,604
cde2d06d-7cbe-4f8f-ac02-dd0b7f5cf6c3,605
426e3c37-541a-4f10-8cf6-7ca904685ad8,606
33908f90-6d4c-4d9b-a32d-1dc60884868b,607
6cf25910-ef7f-4f84-b5aa-25045684b3b7,608
d19c7670-f7bc-4689-8cc6-53e8880d9617,609
1c9e30e1-6ada-4db4-a7c8-3393ad422793,610
4b00f232-66cc-4e10-95f3-d09889ed323e,611
2ca9f8d5-ca53-4e67-948b-9f04a86c96dc,612
17d66f3d-a3c0-4419-aacc-6d34e18f55b3,613
4a5f0569-a28e-4a5a-ba54-b46d046987d6,614
b7625598-154e-4281-9bc1-08b2c23d847e,615
6d586996-d1c9-474e-8670-7cdfe15e9680,616
4415b6a5-7de1-4e6b-8ea3-5094c75e8d59,617
31c0718c-da26-4139-b8bd-fd9758644b5a,618
a45f2f96-4d28-44b3-8356-f7a57e81137b,619
43c7c455-1dc0-4bdf-94cb-7f533c4fd70c,620
d261428c-ee5c-4670-9b5e-f6e6e643d1f3,621
f655b8b0-a5ac-406b-97ec-99c38685605e,622
d10b50cd-9a0c-4b68-94f5-ce68ec5e0f97,623
675fc8d0-8fe2-4ea4-b7ee-c8739aa8f9b8,624
3bff8635-a9e2-4ec5-8561-db8189da09c9,625
a53b53fb-40d1-4041-8c05-fde32d427022,626
efa0e373-6c7d-4065-8a49-c44ed4a06d9d,627
e0dbcb26-cde6-4f33-94a0-a318346aa1df,628
66b165c4-52e3-4ef4-bc81-0a8fb2803a45,629
ed79d4e1-11dd-4392-a97e-3195d1a8deae,630
afa2e1fd-fd7c-41ed-9a13-4a1d7ec1f680,631
e43daaf9-2ea4-41a0-b511-5bf37c013fca,632
c17e222a-5e7e-41e3-b57b-b2d1187ecb88,633
06fb4b8c-c4b7-48d9-9909-6de8bfabb956,634
73555c4a-6e72-456d-9499-0448cc74ad8e,635
2e60d4f3-449f-4fc4-ab7c-155ee402b782,636
d390fc72-0aa4-4f5b-b2dd-2555659e8bf8,637
19a4d0e5-783b-4d1f-830a-6fcc4305b756,638
5b712535-d098-4397-bb3c-876b28df1593,639
9ec21b08-3961-4e7c-8cd6-a1ab89a59881,640
9ad3cd9a-64af-4d9a-b0fd-3420c91725a7,641
b4b32a7e-0e48-4e9f-a840-a09e6d18675a,642
75c06c7a-839c-4fb4-8282-0e6e5cd21181,643
299d0c3d-2c88-4597-9e55-6486a40250f9,644
f921915d-fd2d-4396-a740-304206a0a823,645
cc569142-d813-4f36-a209-c2268c960194,646
88914c6b-d668-423e-b99a-f31ae5eb2465,647
